{
	"format_version": "1.21.11",
	"credit": "Made with Blockbench",
	"texture_size": [48, 32],
	"elements": [
		{
			"from": [0, 0, 0],
			"to": [16, 30, 2],
			"faces": {
				"north": {"uv": [10.66667, 0.5, 16, 16], "texture": "#missing"},
				"east": {"uv": [4.66667, 1, 5.33333, 16], "texture": "#missing"},
				"south": {"uv": [5.33333, 1, 10.66667, 16], "texture": "#missing"},
				"west": {"uv": [4, 1, 4.66667, 16], "texture": "#missing"},
				"up": {"uv": [5, 0, 10.33333, 1], "texture": "#missing"},
				"down": {"uv": [10.66667, 0, 16, 1], "texture": "#missing"}
			}
		}
	],
	"display": {
		"thirdperson_righthand": {
			"rotation": [-0.27, -3.42, 1.67],
			"translation": [0, 0, 2.5],
			"scale": [0.36719, 0.36719, 0.36719]
		},
		"thirdperson_lefthand": {
			"rotation": [-0.27, -3.42, 1.67],
			"translation": [0, 0, 2.5],
			"scale": [0.36719, 0.36719, 0.36719]
		},
		"firstperson_righthand": {
			"rotation": [-7.76, 17.08, 5.37],
			"translation": [9.75, -4.5, 0],
			"scale": [0.55273, 0.55273, 0.55273]
		},
		"firstperson_lefthand": {
			"rotation": [-7.76, 17.08, 5.37],
			"translation": [9.75, -4.5, 0],
			"scale": [0.55273, 0.55273, 0.55273]
		},
		"ground": {
			"translation": [0, 0.75, 0],
			"scale": [0.32422, 0.32422, 0.32422]
		},
		"gui": {
			"rotation": [-17, -31.5, 0],
			"translation": [-1, -2, 0],
			"scale": [0.41406, 0.41406, 0.41406]
		},
		"fixed": {
			"translation": [0, -2, 3.75],
			"scale": [0.51953, 0.51953, 0.51953]
		},
		"on_shelf": {
			"translation": [0, -5, 5.25],
			"scale": [0.64648, 0.64648, 0.64648]
		}
	}
}